CategoryID,CategoryName,Department,ParentCategory
CAT0001,Books - Decor 1,Decor,
CAT0002,Sports & Outdoors - Storage 2,Storage,
CAT0003,Automotive - Decor 3,Decor,Automotive
CAT0004,Health - Tools 4,Tools,Health
CAT0005,Clothing - Computers 5,Computers,
CAT0006,Toys & Games - Outdoor 6,Outdoor,
CAT0007,Health - Tools 7,Tools,Health
CAT0008,Home & Kitchen - Tools 8,Tools,Home & Kitchen
CAT0009,Clothing - Outdoor 9,Outdoor,Clothing
CAT0010,Sports & Outdoors - Wellness 10,Wellness,
CAT0011,Sports & Outdoors - Wellness 11,Wellness,
CAT0012,Books - Storage 12,Storage,
CAT0013,Books - Accessories 13,Accessories,Books
CAT0014,Toys & Games - Tools 14,Tools,
CAT0015,Sports & Outdoors - Accessories 15,Accessories,Sports & Outdoors
CAT0016,Health - Outdoor 16,Outdoor,Health
CAT0017,Home & Kitchen - Garden 17,Garden,Home & Kitchen
CAT0018,Sports & Outdoors - Computers 18,Computers,Sports & Outdoors
CAT0019,Grocery - Bedding 19,Bedding,Grocery
CAT0020,Automotive - Bedding 20,Bedding,Automotive
CAT0021,Toys & Games - Footwear 21,Footwear,Toys & Games
CAT0022,Health - Kids 22,Kids,
CAT0023,Home & Kitchen - Office 23,Office,Home & Kitchen
CAT0024,Electronics - Wellness 24,Wellness,Electronics
CAT0025,Health - Tools 25,Tools,Health
CAT0026,Grocery - Bedding 26,Bedding,
CAT0027,Beauty & Personal Care - Decor 27,Decor,
CAT0028,Automotive - Kids 28,Kids,Automotive
CAT0029,Automotive - Kids 29,Kids,Automotive
CAT0030,Grocery - Fitness 30,Fitness,
CAT0031,Home & Kitchen - Garden 31,Garden,
CAT0032,Grocery - Garden 32,Garden,Grocery
CAT0033,Home & Kitchen - Camera 33,Camera,Home & Kitchen
CAT0034,Books - Audio 34,Audio,Books
CAT0035,Home & Kitchen - Kids 35,Kids,Home & Kitchen
CAT0036,Books - Footwear 36,Footwear,Books
CAT0037,Grocery - Decor 37,Decor,Grocery
CAT0038,Clothing - Wellness 38,Wellness,Clothing
CAT0039,Home & Kitchen - Garden 39,Garden,Home & Kitchen
CAT0040,Home & Kitchen - Bedding 40,Bedding,Home & Kitchen
CAT0041,Electronics - Lighting 41,Lighting,Electronics
CAT0042,Electronics - Kids 42,Kids,Electronics
CAT0043,Beauty & Personal Care - Office 43,Office,Beauty & Personal Care
CAT0044,Toys & Games - Accessories 44,Accessories,Toys & Games
CAT0045,Sports & Outdoors - Camera 45,Camera,Sports & Outdoors
CAT0046,Electronics - Office 46,Office,Electronics
CAT0047,Clothing - Tools 47,Tools,Clothing
CAT0048,Clothing - Accessories 48,Accessories,Clothing
CAT0049,Books - Bedding 49,Bedding,
CAT0050,Electronics - Bedding 50,Bedding,Electronics
CAT0051,Automotive - Accessories 51,Accessories,Automotive
CAT0052,Grocery - Fitness 52,Fitness,Grocery
CAT0053,Books - Footwear 53,Footwear,
CAT0054,Beauty & Personal Care - Bedding 54,Bedding,
CAT0055,Clothing - Decor 55,Decor,Clothing
CAT0056,Electronics - Outdoor 56,Outdoor,Electronics
CAT0057,Sports & Outdoors - Storage 57,Storage,Sports & Outdoors
CAT0058,Toys & Games - Kids 58,Kids,Toys & Games
CAT0059,Beauty & Personal Care - Bedding 59,Bedding,
CAT0060,Grocery - Garden 60,Garden,Grocery
CAT0061,Books - Footwear 61,Footwear,
CAT0062,Automotive - Outdoor 62,Outdoor,
CAT0063,Clothing - Bedding 63,Bedding,Clothing
CAT0064,Home & Kitchen - Office 64,Office,Home & Kitchen
CAT0065,Grocery - Audio 65,Audio,Grocery
CAT0066,Electronics - Bedding 66,Bedding,Electronics
CAT0067,Beauty & Personal Care - Audio 67,Audio,Beauty & Personal Care
CAT0068,Toys & Games - Audio 68,Audio,Toys & Games
CAT0069,Health - Lighting 69,Lighting,Health
CAT0070,Clothing - Fitness 70,Fitness,Clothing
CAT0071,Health - Kids 71,Kids,
CAT0072,Clothing - Wellness 72,Wellness,Clothing
CAT0073,Sports & Outdoors - Computers 73,Computers,
CAT0074,Clothing - Storage 74,Storage,Clothing
CAT0075,Toys & Games - Audio 75,Audio,
CAT0076,Grocery - Footwear 76,Footwear,Grocery
CAT0077,Electronics - Computers 77,Computers,Electronics
CAT0078,Beauty & Personal Care - Bedding 78,Bedding,
CAT0079,Electronics - Pets 79,Pets,
CAT0080,Clothing - Fitness 80,Fitness,
CAT0081,Sports & Outdoors - Kids 81,Kids,Sports & Outdoors
CAT0082,Grocery - Accessories 82,Accessories,
CAT0083,Books - Computers 83,Computers,Books
CAT0084,Electronics - Fitness 84,Fitness,
CAT0085,Grocery - Garden 85,Garden,Grocery
CAT0086,Electronics - Mobile 86,Mobile,Electronics
CAT0087,Grocery - Camera 87,Camera,Grocery
CAT0088,Beauty & Personal Care - Mobile 88,Mobile,Beauty & Personal Care
CAT0089,Toys & Games - Decor 89,Decor,Toys & Games
CAT0090,Grocery - Wellness 90,Wellness,Grocery
CAT0091,Electronics - Decor 91,Decor,Electronics
CAT0092,Grocery - Wellness 92,Wellness,
CAT0093,Beauty & Personal Care - Wellness 93,Wellness,Beauty & Personal Care
CAT0094,Health - Decor 94,Decor,Health
CAT0095,Automotive - Pets 95,Pets,Automotive
CAT0096,Books - Storage 96,Storage,
CAT0097,Beauty & Personal Care - Kids 97,Kids,Beauty & Personal Care
CAT0098,Grocery - Lighting 98,Lighting,Grocery
CAT0099,Electronics - Office 99,Office,Electronics
CAT0100,Electronics - Mobile 100,Mobile,Electronics
CAT0101,Clothing - Footwear 101,Footwear,Clothing
CAT0102,Grocery - Bedding 102,Bedding,Grocery
CAT0103,Automotive - Tools 103,Tools,Automotive
CAT0104,Beauty & Personal Care - Mobile 104,Mobile,Beauty & Personal Care
CAT0105,Sports & Outdoors - Storage 105,Storage,Sports & Outdoors
CAT0106,Books - Fitness 106,Fitness,
CAT0107,Home & Kitchen - Storage 107,Storage,
CAT0108,Clothing - Fitness 108,Fitness,Clothing
CAT0109,Home & Kitchen - Accessories 109,Accessories,
CAT0110,Health - Decor 110,Decor,Health
CAT0111,Toys & Games - Bedding 111,Bedding,Toys & Games
CAT0112,Beauty & Personal Care - Pets 112,Pets,Beauty & Personal Care
CAT0113,Beauty & Personal Care - Fitness 113,Fitness,Beauty & Personal Care
CAT0114,Automotive - Garden 114,Garden,Automotive
CAT0115,Sports & Outdoors - Footwear 115,Footwear,Sports & Outdoors
CAT0116,Books - Tools 116,Tools,Books
CAT0117,Sports & Outdoors - Mobile 117,Mobile,Sports & Outdoors
CAT0118,Electronics - Wellness 118,Wellness,Electronics
CAT0119,Toys & Games - Computers 119,Computers,Toys & Games
CAT0120,Toys & Games - Wellness 120,Wellness,Toys & Games
CAT0121,Toys & Games - Garden 121,Garden,Toys & Games
CAT0122,Electronics - Garden 122,Garden,
CAT0123,Health - Garden 123,Garden,Health
CAT0124,Health - Kids 124,Kids,
CAT0125,Beauty & Personal Care - Pets 125,Pets,Beauty & Personal Care
CAT0126,Beauty & Personal Care - Camera 126,Camera,Beauty & Personal Care
CAT0127,Automotive - Footwear 127,Footwear,Automotive
CAT0128,Electronics - Lighting 128,Lighting,Electronics
CAT0129,Electronics - Office 129,Office,
CAT0130,Electronics - Kids 130,Kids,Electronics
CAT0131,Automotive - Audio 131,Audio,Automotive
CAT0132,Sports & Outdoors - Mobile 132,Mobile,Sports & Outdoors
CAT0133,Home & Kitchen - Audio 133,Audio,Home & Kitchen
CAT0134,Toys & Games - Pets 134,Pets,Toys & Games
CAT0135,Sports & Outdoors - Storage 135,Storage,Sports & Outdoors
CAT0136,Sports & Outdoors - Bedding 136,Bedding,Sports & Outdoors
CAT0137,Clothing - Fitness 137,Fitness,Clothing
CAT0138,Books - Outdoor 138,Outdoor,Books
CAT0139,Books - Decor 139,Decor,
CAT0140,Books - Wellness 140,Wellness,Books
CAT0141,Toys & Games - Footwear 141,Footwear,
CAT0142,Sports & Outdoors - Tools 142,Tools,Sports & Outdoors
CAT0143,Books - Computers 143,Computers,Books
CAT0144,Health - Wellness 144,Wellness,Health
CAT0145,Electronics - Bedding 145,Bedding,Electronics
CAT0146,Clothing - Audio 146,Audio,Clothing
CAT0147,Grocery - Garden 147,Garden,Grocery
CAT0148,Electronics - Decor 148,Decor,Electronics
CAT0149,Home & Kitchen - Computers 149,Computers,Home & Kitchen
CAT0150,Clothing - Storage 150,Storage,
CAT0151,Health - Camera 151,Camera,Health
CAT0152,Beauty & Personal Care - Tools 152,Tools,
CAT0153,Beauty & Personal Care - Outdoor 153,Outdoor,
CAT0154,Electronics - Kids 154,Kids,
CAT0155,Clothing - Lighting 155,Lighting,Clothing
CAT0156,Beauty & Personal Care - Garden 156,Garden,Beauty & Personal Care
CAT0157,Beauty & Personal Care - Storage 157,Storage,
CAT0158,Automotive - Garden 158,Garden,Automotive
CAT0159,Electronics - Outdoor 159,Outdoor,Electronics
CAT0160,Home & Kitchen - Camera 160,Camera,Home & Kitchen
CAT0161,Health - Mobile 161,Mobile,Health
CAT0162,Clothing - Lighting 162,Lighting,Clothing
CAT0163,Home & Kitchen - Mobile 163,Mobile,Home & Kitchen
CAT0164,Books - Storage 164,Storage,Books
CAT0165,Grocery - Accessories 165,Accessories,
CAT0166,Automotive - Garden 166,Garden,
CAT0167,Health - Kids 167,Kids,Health
CAT0168,Books - Office 168,Office,Books
CAT0169,Electronics - Wellness 169,Wellness,
CAT0170,Sports & Outdoors - Wellness 170,Wellness,Sports & Outdoors
CAT0171,Electronics - Tools 171,Tools,Electronics
CAT0172,Toys & Games - Wellness 172,Wellness,Toys & Games
CAT0173,Grocery - Audio 173,Audio,Grocery
CAT0174,Health - Computers 174,Computers,
CAT0175,Sports & Outdoors - Pets 175,Pets,Sports & Outdoors
CAT0176,Grocery - Bedding 176,Bedding,
CAT0177,Beauty & Personal Care - Outdoor 177,Outdoor,Beauty & Personal Care
CAT0178,Home & Kitchen - Audio 178,Audio,
CAT0179,Clothing - Computers 179,Computers,Clothing
CAT0180,Health - Pets 180,Pets,Health
CAT0181,Health - Lighting 181,Lighting,Health
CAT0182,Health - Mobile 182,Mobile,Health
CAT0183,Home & Kitchen - Storage 183,Storage,Home & Kitchen
CAT0184,Home & Kitchen - Footwear 184,Footwear,Home & Kitchen
CAT0185,Home & Kitchen - Office 185,Office,Home & Kitchen
CAT0186,Home & Kitchen - Garden 186,Garden,Home & Kitchen
CAT0187,Beauty & Personal Care - Computers 187,Computers,Beauty & Personal Care
CAT0188,Sports & Outdoors - Footwear 188,Footwear,Sports & Outdoors
CAT0189,Automotive - Fitness 189,Fitness,Automotive
CAT0190,Books - Audio 190,Audio,Books
CAT0191,Home & Kitchen - Garden 191,Garden,
CAT0192,Electronics - Office 192,Office,Electronics
CAT0193,Beauty & Personal Care - Pets 193,Pets,Beauty & Personal Care
CAT0194,Home & Kitchen - Mobile 194,Mobile,Home & Kitchen
CAT0195,Sports & Outdoors - Bedding 195,Bedding,
CAT0196,Grocery - Kids 196,Kids,Grocery
CAT0197,Toys & Games - Tools 197,Tools,Toys & Games
CAT0198,Home & Kitchen - Garden 198,Garden,Home & Kitchen
CAT0199,Toys & Games - Kids 199,Kids,Toys & Games
CAT0200,Home & Kitchen - Decor 200,Decor,Home & Kitchen
CAT0201,Toys & Games - Fitness 201,Fitness,Toys & Games
CAT0202,Toys & Games - Outdoor 202,Outdoor,Toys & Games
CAT0203,Beauty & Personal Care - Footwear 203,Footwear,Beauty & Personal Care
CAT0204,Grocery - Garden 204,Garden,Grocery
CAT0205,Beauty & Personal Care - Audio 205,Audio,Beauty & Personal Care
CAT0206,Grocery - Fitness 206,Fitness,Grocery
CAT0207,Health - Mobile 207,Mobile,Health
CAT0208,Grocery - Outdoor 208,Outdoor,
CAT0209,Toys & Games - Pets 209,Pets,Toys & Games
CAT0210,Electronics - Garden 210,Garden,Electronics
CAT0211,Books - Wellness 211,Wellness,Books
CAT0212,Clothing - Bedding 212,Bedding,
CAT0213,Health - Wellness 213,Wellness,Health
CAT0214,Electronics - Lighting 214,Lighting,Electronics
CAT0215,Clothing - Decor 215,Decor,
CAT0216,Clothing - Footwear 216,Footwear,Clothing
CAT0217,Clothing - Pets 217,Pets,
CAT0218,Home & Kitchen - Garden 218,Garden,Home & Kitchen
CAT0219,Toys & Games - Accessories 219,Accessories,Toys & Games
CAT0220,Home & Kitchen - Office 220,Office,Home & Kitchen
CAT0221,Home & Kitchen - Garden 221,Garden,Home & Kitchen
CAT0222,Home & Kitchen - Wellness 222,Wellness,
CAT0223,Clothing - Mobile 223,Mobile,Clothing
CAT0224,Books - Office 224,Office,Books
CAT0225,Automotive - Camera 225,Camera,Automotive
CAT0226,Beauty & Personal Care - Audio 226,Audio,Beauty & Personal Care
CAT0227,Clothing - Garden 227,Garden,
CAT0228,Beauty & Personal Care - Garden 228,Garden,Beauty & Personal Care
CAT0229,Sports & Outdoors - Audio 229,Audio,Sports & Outdoors
CAT0230,Books - Lighting 230,Lighting,
CAT0231,Toys & Games - Computers 231,Computers,
CAT0232,Automotive - Wellness 232,Wellness,Automotive
CAT0233,Grocery - Camera 233,Camera,Grocery
CAT0234,Books - Kids 234,Kids,Books
CAT0235,Books - Accessories 235,Accessories,Books
CAT0236,Sports & Outdoors - Tools 236,Tools,
CAT0237,Books - Kids 237,Kids,
CAT0238,Beauty & Personal Care - Office 238,Office,Beauty & Personal Care
CAT0239,Health - Wellness 239,Wellness,Health
CAT0240,Automotive - Decor 240,Decor,Automotive
CAT0241,Home & Kitchen - Computers 241,Computers,Home & Kitchen
CAT0242,Grocery - Decor 242,Decor,Grocery
CAT0243,Books - Lighting 243,Lighting,Books
CAT0244,Toys & Games - Kids 244,Kids,Toys & Games
CAT0245,Clothing - Wellness 245,Wellness,Clothing
CAT0246,Automotive - Wellness 246,Wellness,Automotive
CAT0247,Health - Mobile 247,Mobile,Health
CAT0248,Sports & Outdoors - Storage 248,Storage,Sports & Outdoors
CAT0249,Sports & Outdoors - Tools 249,Tools,
CAT0250,Grocery - Storage 250,Storage,Grocery
CAT0251,Beauty & Personal Care - Bedding 251,Bedding,Beauty & Personal Care
CAT0252,Automotive - Audio 252,Audio,Automotive
CAT0253,Health - Mobile 253,Mobile,
CAT0254,Beauty & Personal Care - Computers 254,Computers,
CAT0255,Grocery - Decor 255,Decor,Grocery
CAT0256,Beauty & Personal Care - Lighting 256,Lighting,Beauty & Personal Care
CAT0257,Electronics - Wellness 257,Wellness,Electronics
CAT0258,Clothing - Wellness 258,Wellness,Clothing
CAT0259,Home & Kitchen - Accessories 259,Accessories,Home & Kitchen
CAT0260,Books - Storage 260,Storage,
CAT0261,Grocery - Fitness 261,Fitness,Grocery
CAT0262,Health - Accessories 262,Accessories,Health
CAT0263,Grocery - Pets 263,Pets,Grocery
CAT0264,Sports & Outdoors - Fitness 264,Fitness,Sports & Outdoors
CAT0265,Sports & Outdoors - Audio 265,Audio,
CAT0266,Health - Camera 266,Camera,Health
CAT0267,Toys & Games - Office 267,Office,Toys & Games
CAT0268,Electronics - Mobile 268,Mobile,Electronics
CAT0269,Books - Bedding 269,Bedding,Books
CAT0270,Electronics - Outdoor 270,Outdoor,
CAT0271,Toys & Games - Accessories 271,Accessories,Toys & Games
CAT0272,Electronics - Tools 272,Tools,Electronics
CAT0273,Health - Bedding 273,Bedding,Health
CAT0274,Automotive - Footwear 274,Footwear,Automotive
CAT0275,Toys & Games - Office 275,Office,Toys & Games
CAT0276,Clothing - Fitness 276,Fitness,
CAT0277,Clothing - Lighting 277,Lighting,Clothing
CAT0278,Automotive - Accessories 278,Accessories,
CAT0279,Home & Kitchen - Storage 279,Storage,Home & Kitchen
CAT0280,Grocery - Tools 280,Tools,
CAT0281,Health - Outdoor 281,Outdoor,Health
CAT0282,Health - Garden 282,Garden,Health
CAT0283,Sports & Outdoors - Computers 283,Computers,
CAT0284,Beauty & Personal Care - Outdoor 284,Outdoor,Beauty & Personal Care
CAT0285,Beauty & Personal Care - Storage 285,Storage,
CAT0286,Health - Bedding 286,Bedding,Health
CAT0287,Beauty & Personal Care - Bedding 287,Bedding,Beauty & Personal Care
CAT0288,Beauty & Personal Care - Decor 288,Decor,Beauty & Personal Care
CAT0289,Home & Kitchen - Audio 289,Audio,Home & Kitchen
CAT0290,Clothing - Tools 290,Tools,Clothing
CAT0291,Toys & Games - Kids 291,Kids,
CAT0292,Sports & Outdoors - Computers 292,Computers,Sports & Outdoors
CAT0293,Grocery - Lighting 293,Lighting,Grocery
CAT0294,Books - Office 294,Office,Books
CAT0295,Beauty & Personal Care - Bedding 295,Bedding,Beauty & Personal Care
CAT0296,Home & Kitchen - Computers 296,Computers,Home & Kitchen
CAT0297,Grocery - Outdoor 297,Outdoor,Grocery
CAT0298,Sports & Outdoors - Kids 298,Kids,
CAT0299,Toys & Games - Mobile 299,Mobile,
CAT0300,Sports & Outdoors - Fitness 300,Fitness,Sports & Outdoors
CAT0301,Home & Kitchen - Storage 301,Storage,Home & Kitchen
CAT0302,Clothing - Tools 302,Tools,Clothing
CAT0303,Automotive - Kids 303,Kids,Automotive
CAT0304,Books - Wellness 304,Wellness,Books
CAT0305,Electronics - Storage 305,Storage,Electronics
CAT0306,Health - Bedding 306,Bedding,
CAT0307,Sports & Outdoors - Decor 307,Decor,
CAT0308,Home & Kitchen - Pets 308,Pets,Home & Kitchen
CAT0309,Health - Audio 309,Audio,Health
CAT0310,Electronics - Wellness 310,Wellness,
CAT0311,Toys & Games - Outdoor 311,Outdoor,Toys & Games
CAT0312,Books - Lighting 312,Lighting,
CAT0313,Beauty & Personal Care - Audio 313,Audio,Beauty & Personal Care
CAT0314,Beauty & Personal Care - Mobile 314,Mobile,
CAT0315,Home & Kitchen - Tools 315,Tools,Home & Kitchen
CAT0316,Health - Camera 316,Camera,
CAT0317,Automotive - Pets 317,Pets,Automotive
CAT0318,Health - Bedding 318,Bedding,Health
CAT0319,Grocery - Outdoor 319,Outdoor,Grocery
CAT0320,Clothing - Fitness 320,Fitness,Clothing
CAT0321,Books - Computers 321,Computers,
CAT0322,Health - Fitness 322,Fitness,
CAT0323,Sports & Outdoors - Wellness 323,Wellness,Sports & Outdoors
CAT0324,Toys & Games - Outdoor 324,Outdoor,Toys & Games
CAT0325,Automotive - Wellness 325,Wellness,Automotive
CAT0326,Sports & Outdoors - Tools 326,Tools,Sports & Outdoors
CAT0327,Health - Storage 327,Storage,
CAT0328,Clothing - Wellness 328,Wellness,
CAT0329,Clothing - Audio 329,Audio,Clothing
CAT0330,Health - Outdoor 330,Outdoor,
CAT0331,Clothing - Fitness 331,Fitness,Clothing
CAT0332,Books - Accessories 332,Accessories,Books
CAT0333,Home & Kitchen - Kids 333,Kids,Home & Kitchen
CAT0334,Automotive - Pets 334,Pets,Automotive
CAT0335,Electronics - Decor 335,Decor,
CAT0336,Health - Accessories 336,Accessories,Health
CAT0337,Electronics - Wellness 337,Wellness,Electronics
CAT0338,Grocery - Decor 338,Decor,
CAT0339,Books - Garden 339,Garden,Books
CAT0340,Automotive - Mobile 340,Mobile,
CAT0341,Grocery - Wellness 341,Wellness,Grocery
CAT0342,Electronics - Accessories 342,Accessories,Electronics
CAT0343,Clothing - Pets 343,Pets,Clothing
CAT0344,Toys & Games - Storage 344,Storage,Toys & Games
CAT0345,Grocery - Lighting 345,Lighting,Grocery
CAT0346,Sports & Outdoors - Bedding 346,Bedding,Sports & Outdoors
CAT0347,Toys & Games - Tools 347,Tools,Toys & Games
CAT0348,Books - Mobile 348,Mobile,
CAT0349,Clothing - Computers 349,Computers,Clothing
CAT0350,Sports & Outdoors - Computers 350,Computers,Sports & Outdoors
CAT0351,Grocery - Outdoor 351,Outdoor,Grocery
CAT0352,Sports & Outdoors - Tools 352,Tools,Sports & Outdoors
CAT0353,Home & Kitchen - Office 353,Office,Home & Kitchen
CAT0354,Grocery - Outdoor 354,Outdoor,Grocery
CAT0355,Electronics - Garden 355,Garden,Electronics
CAT0356,Electronics - Outdoor 356,Outdoor,Electronics
CAT0357,Clothing - Kids 357,Kids,Clothing
CAT0358,Books - Footwear 358,Footwear,
CAT0359,Electronics - Computers 359,Computers,Electronics
CAT0360,Grocery - Audio 360,Audio,
CAT0361,Beauty & Personal Care - Office 361,Office,Beauty & Personal Care
CAT0362,Beauty & Personal Care - Pets 362,Pets,
CAT0363,Home & Kitchen - Lighting 363,Lighting,Home & Kitchen
CAT0364,Books - Outdoor 364,Outdoor,
CAT0365,Health - Computers 365,Computers,Health
CAT0366,Toys & Games - Storage 366,Storage,Toys & Games
CAT0367,Clothing - Audio 367,Audio,Clothing
CAT0368,Sports & Outdoors - Accessories 368,Accessories,
CAT0369,Automotive - Outdoor 369,Outdoor,Automotive
CAT0370,Beauty & Personal Care - Garden 370,Garden,Beauty & Personal Care
CAT0371,Toys & Games - Fitness 371,Fitness,
CAT0372,Books - Pets 372,Pets,Books
CAT0373,Grocery - Tools 373,Tools,
CAT0374,Clothing - Decor 374,Decor,Clothing
CAT0375,Books - Mobile 375,Mobile,Books
CAT0376,Home & Kitchen - Kids 376,Kids,Home & Kitchen
CAT0377,Home & Kitchen - Kids 377,Kids,Home & Kitchen
CAT0378,Beauty & Personal Care - Bedding 378,Bedding,Beauty & Personal Care
CAT0379,Beauty & Personal Care - Outdoor 379,Outdoor,
CAT0380,Home & Kitchen - Outdoor 380,Outdoor,
CAT0381,Grocery - Wellness 381,Wellness,Grocery
CAT0382,Sports & Outdoors - Fitness 382,Fitness,Sports & Outdoors
CAT0383,Automotive - Lighting 383,Lighting,Automotive
CAT0384,Sports & Outdoors - Wellness 384,Wellness,Sports & Outdoors
CAT0385,Beauty & Personal Care - Camera 385,Camera,Beauty & Personal Care
CAT0386,Health - Office 386,Office,Health
CAT0387,Health - Camera 387,Camera,
CAT0388,Clothing - Garden 388,Garden,
CAT0389,Beauty & Personal Care - Camera 389,Camera,Beauty & Personal Care
CAT0390,Grocery - Tools 390,Tools,
CAT0391,Home & Kitchen - Office 391,Office,Home & Kitchen
CAT0392,Electronics - Fitness 392,Fitness,Electronics
CAT0393,Books - Outdoor 393,Outdoor,
CAT0394,Clothing - Tools 394,Tools,
CAT0395,Beauty & Personal Care - Outdoor 395,Outdoor,Beauty & Personal Care
CAT0396,Clothing - Outdoor 396,Outdoor,
CAT0397,Sports & Outdoors - Decor 397,Decor,
CAT0398,Toys & Games - Office 398,Office,Toys & Games
CAT0399,Health - Wellness 399,Wellness,Health
CAT0400,Beauty & Personal Care - Storage 400,Storage,Beauty & Personal Care
CAT0401,Clothing - Garden 401,Garden,
CAT0402,Health - Wellness 402,Wellness,Health
CAT0403,Sports & Outdoors - Pets 403,Pets,
CAT0404,Grocery - Accessories 404,Accessories,Grocery
CAT0405,Grocery - Office 405,Office,Grocery
CAT0406,Clothing - Tools 406,Tools,Clothing
CAT0407,Sports & Outdoors - Accessories 407,Accessories,
CAT0408,Home & Kitchen - Bedding 408,Bedding,Home & Kitchen
CAT0409,Electronics - Decor 409,Decor,Electronics
CAT0410,Toys & Games - Garden 410,Garden,Toys & Games
CAT0411,Books - Decor 411,Decor,Books
CAT0412,Automotive - Tools 412,Tools,Automotive
CAT0413,Clothing - Lighting 413,Lighting,
CAT0414,Health - Footwear 414,Footwear,
CAT0415,Electronics - Decor 415,Decor,
CAT0416,Clothing - Decor 416,Decor,Clothing
CAT0417,Electronics - Pets 417,Pets,Electronics
CAT0418,Sports & Outdoors - Mobile 418,Mobile,
CAT0419,Sports & Outdoors - Bedding 419,Bedding,Sports & Outdoors
CAT0420,Books - Decor 420,Decor,
CAT0421,Sports & Outdoors - Accessories 421,Accessories,
CAT0422,Grocery - Kids 422,Kids,Grocery
CAT0423,Clothing - Kids 423,Kids,Clothing
CAT0424,Home & Kitchen - Lighting 424,Lighting,Home & Kitchen
CAT0425,Sports & Outdoors - Kids 425,Kids,Sports & Outdoors
CAT0426,Clothing - Decor 426,Decor,Clothing
CAT0427,Sports & Outdoors - Camera 427,Camera,Sports & Outdoors
CAT0428,Home & Kitchen - Footwear 428,Footwear,Home & Kitchen
CAT0429,Sports & Outdoors - Outdoor 429,Outdoor,
CAT0430,Toys & Games - Outdoor 430,Outdoor,Toys & Games
CAT0431,Clothing - Mobile 431,Mobile,
CAT0432,Toys & Games - Storage 432,Storage,
CAT0433,Clothing - Office 433,Office,
CAT0434,Health - Lighting 434,Lighting,Health
CAT0435,Automotive - Storage 435,Storage,
CAT0436,Home & Kitchen - Camera 436,Camera,Home & Kitchen
CAT0437,Books - Tools 437,Tools,
CAT0438,Electronics - Office 438,Office,Electronics
CAT0439,Beauty & Personal Care - Decor 439,Decor,Beauty & Personal Care
CAT0440,Health - Kids 440,Kids,Health
CAT0441,Health - Lighting 441,Lighting,
CAT0442,Health - Office 442,Office,Health
CAT0443,Home & Kitchen - Bedding 443,Bedding,
CAT0444,Clothing - Footwear 444,Footwear,Clothing
CAT0445,Health - Bedding 445,Bedding,
CAT0446,Toys & Games - Storage 446,Storage,Toys & Games
CAT0447,Toys & Games - Decor 447,Decor,Toys & Games
CAT0448,Sports & Outdoors - Camera 448,Camera,Sports & Outdoors
CAT0449,Sports & Outdoors - Office 449,Office,Sports & Outdoors
CAT0450,Beauty & Personal Care - Storage 450,Storage,
CAT0451,Sports & Outdoors - Garden 451,Garden,Sports & Outdoors
CAT0452,Health - Fitness 452,Fitness,Health
CAT0453,Toys & Games - Footwear 453,Footwear,Toys & Games
CAT0454,Health - Audio 454,Audio,Health
CAT0455,Books - Wellness 455,Wellness,Books
CAT0456,Clothing - Mobile 456,Mobile,Clothing
CAT0457,Sports & Outdoors - Fitness 457,Fitness,
CAT0458,Health - Audio 458,Audio,
CAT0459,Home & Kitchen - Computers 459,Computers,Home & Kitchen
CAT0460,Books - Audio 460,Audio,Books
CAT0461,Sports & Outdoors - Camera 461,Camera,Sports & Outdoors
CAT0462,Sports & Outdoors - Computers 462,Computers,Sports & Outdoors
CAT0463,Books - Garden 463,Garden,
CAT0464,Clothing - Wellness 464,Wellness,Clothing
CAT0465,Clothing - Garden 465,Garden,Clothing
CAT0466,Clothing - Camera 466,Camera,Clothing
CAT0467,Clothing - Fitness 467,Fitness,Clothing
CAT0468,Home & Kitchen - Audio 468,Audio,Home & Kitchen
CAT0469,Health - Accessories 469,Accessories,Health
CAT0470,Grocery - Tools 470,Tools,Grocery
CAT0471,Sports & Outdoors - Lighting 471,Lighting,Sports & Outdoors
CAT0472,Toys & Games - Camera 472,Camera,Toys & Games
CAT0473,Home & Kitchen - Outdoor 473,Outdoor,Home & Kitchen
CAT0474,Clothing - Lighting 474,Lighting,
CAT0475,Beauty & Personal Care - Office 475,Office,
CAT0476,Health - Kids 476,Kids,
CAT0477,Sports & Outdoors - Decor 477,Decor,
CAT0478,Sports & Outdoors - Storage 478,Storage,Sports & Outdoors
CAT0479,Home & Kitchen - Tools 479,Tools,Home & Kitchen
CAT0480,Books - Computers 480,Computers,
CAT0481,Toys & Games - Computers 481,Computers,Toys & Games
CAT0482,Books - Lighting 482,Lighting,Books
CAT0483,Electronics - Lighting 483,Lighting,Electronics
CAT0484,Grocery - Audio 484,Audio,Grocery
CAT0485,Automotive - Camera 485,Camera,Automotive
CAT0486,Beauty & Personal Care - Tools 486,Tools,
CAT0487,Sports & Outdoors - Fitness 487,Fitness,Sports & Outdoors
CAT0488,Health - Mobile 488,Mobile,Health
CAT0489,Toys & Games - Outdoor 489,Outdoor,Toys & Games
CAT0490,Grocery - Computers 490,Computers,Grocery
CAT0491,Grocery - Footwear 491,Footwear,Grocery
CAT0492,Electronics - Camera 492,Camera,
CAT0493,Sports & Outdoors - Camera 493,Camera,Sports & Outdoors
CAT0494,Automotive - Fitness 494,Fitness,Automotive
CAT0495,Sports & Outdoors - Lighting 495,Lighting,
CAT0496,Toys & Games - Camera 496,Camera,Toys & Games
CAT0497,Sports & Outdoors - Storage 497,Storage,Sports & Outdoors
CAT0498,Grocery - Pets 498,Pets,Grocery
CAT0499,Toys & Games - Bedding 499,Bedding,
CAT0500,Grocery - Office 500,Office,Grocery
CAT0501,Grocery - Audio 501,Audio,Grocery
CAT0502,Books - Bedding 502,Bedding,Books
CAT0503,Sports & Outdoors - Outdoor 503,Outdoor,Sports & Outdoors
CAT0504,Grocery - Lighting 504,Lighting,Grocery
CAT0505,Electronics - Computers 505,Computers,Electronics
CAT0506,Books - Camera 506,Camera,Books
CAT0507,Grocery - Decor 507,Decor,Grocery
CAT0508,Health - Bedding 508,Bedding,Health
CAT0509,Home & Kitchen - Camera 509,Camera,Home & Kitchen
CAT0510,Automotive - Pets 510,Pets,
CAT0511,Sports & Outdoors - Outdoor 511,Outdoor,Sports & Outdoors
CAT0512,Toys & Games - Wellness 512,Wellness,Toys & Games
CAT0513,Automotive - Bedding 513,Bedding,Automotive
CAT0514,Beauty & Personal Care - Computers 514,Computers,Beauty & Personal Care
CAT0515,Home & Kitchen - Outdoor 515,Outdoor,
CAT0516,Home & Kitchen - Kids 516,Kids,Home & Kitchen
CAT0517,Electronics - Outdoor 517,Outdoor,Electronics
CAT0518,Health - Fitness 518,Fitness,
CAT0519,Books - Bedding 519,Bedding,Books
CAT0520,Beauty & Personal Care - Garden 520,Garden,
CAT0521,Books - Footwear 521,Footwear,
CAT0522,Grocery - Kids 522,Kids,
CAT0523,Toys & Games - Camera 523,Camera,
CAT0524,Grocery - Garden 524,Garden,Grocery
CAT0525,Sports & Outdoors - Accessories 525,Accessories,Sports & Outdoors
CAT0526,Beauty & Personal Care - Decor 526,Decor,
CAT0527,Clothing - Mobile 527,Mobile,Clothing
CAT0528,Health - Garden 528,Garden,
CAT0529,Toys & Games - Mobile 529,Mobile,
CAT0530,Home & Kitchen - Computers 530,Computers,Home & Kitchen
CAT0531,Beauty & Personal Care - Wellness 531,Wellness,Beauty & Personal Care
CAT0532,Sports & Outdoors - Outdoor 532,Outdoor,Sports & Outdoors
CAT0533,Beauty & Personal Care - Mobile 533,Mobile,Beauty & Personal Care
CAT0534,Automotive - Office 534,Office,Automotive
CAT0535,Books - Fitness 535,Fitness,Books
CAT0536,Health - Wellness 536,Wellness,
CAT0537,Automotive - Computers 537,Computers,Automotive
CAT0538,Grocery - Kids 538,Kids,Grocery
CAT0539,Home & Kitchen - Audio 539,Audio,Home & Kitchen
CAT0540,Home & Kitchen - Outdoor 540,Outdoor,Home & Kitchen
CAT0541,Health - Bedding 541,Bedding,
CAT0542,Beauty & Personal Care - Wellness 542,Wellness,Beauty & Personal Care
CAT0543,Beauty & Personal Care - Footwear 543,Footwear,Beauty & Personal Care
CAT0544,Automotive - Kids 544,Kids,Automotive
CAT0545,Beauty & Personal Care - Audio 545,Audio,Beauty & Personal Care
CAT0546,Sports & Outdoors - Outdoor 546,Outdoor,Sports & Outdoors
CAT0547,Electronics - Fitness 547,Fitness,Electronics
CAT0548,Grocery - Footwear 548,Footwear,Grocery
CAT0549,Clothing - Camera 549,Camera,
CAT0550,Clothing - Outdoor 550,Outdoor,
CAT0551,Electronics - Garden 551,Garden,Electronics
CAT0552,Health - Accessories 552,Accessories,Health
CAT0553,Clothing - Fitness 553,Fitness,Clothing
CAT0554,Beauty & Personal Care - Pets 554,Pets,
CAT0555,Books - Office 555,Office,Books
CAT0556,Grocery - Fitness 556,Fitness,
CAT0557,Grocery - Outdoor 557,Outdoor,Grocery
CAT0558,Health - Storage 558,Storage,Health
CAT0559,Automotive - Pets 559,Pets,Automotive
CAT0560,Clothing - Accessories 560,Accessories,Clothing
CAT0561,Grocery - Bedding 561,Bedding,Grocery
CAT0562,Electronics - Office 562,Office,Electronics
CAT0563,Grocery - Pets 563,Pets,Grocery
CAT0564,Beauty & Personal Care - Mobile 564,Mobile,Beauty & Personal Care
CAT0565,Toys & Games - Computers 565,Computers,Toys & Games
CAT0566,Clothing - Computers 566,Computers,Clothing
CAT0567,Grocery - Footwear 567,Footwear,Grocery
CAT0568,Clothing - Garden 568,Garden,Clothing
CAT0569,Sports & Outdoors - Garden 569,Garden,Sports & Outdoors
CAT0570,Sports & Outdoors - Lighting 570,Lighting,
CAT0571,Home & Kitchen - Camera 571,Camera,Home & Kitchen
CAT0572,Books - Camera 572,Camera,Books
CAT0573,Toys & Games - Audio 573,Audio,Toys & Games
CAT0574,Home & Kitchen - Tools 574,Tools,Home & Kitchen
CAT0575,Sports & Outdoors - Computers 575,Computers,Sports & Outdoors
CAT0576,Automotive - Computers 576,Computers,Automotive
CAT0577,Toys & Games - Footwear 577,Footwear,Toys & Games
CAT0578,Beauty & Personal Care - Garden 578,Garden,Beauty & Personal Care
CAT0579,Automotive - Tools 579,Tools,Automotive
CAT0580,Beauty & Personal Care - Bedding 580,Bedding,Beauty & Personal Care
CAT0581,Toys & Games - Kids 581,Kids,
CAT0582,Beauty & Personal Care - Audio 582,Audio,Beauty & Personal Care
CAT0583,Grocery - Fitness 583,Fitness,Grocery
CAT0584,Beauty & Personal Care - Lighting 584,Lighting,
CAT0585,Automotive - Office 585,Office,Automotive
CAT0586,Automotive - Audio 586,Audio,Automotive
CAT0587,Clothing - Storage 587,Storage,
CAT0588,Sports & Outdoors - Kids 588,Kids,Sports & Outdoors
CAT0589,Home & Kitchen - Audio 589,Audio,
CAT0590,Toys & Games - Decor 590,Decor,
CAT0591,Grocery - Office 591,Office,Grocery
CAT0592,Sports & Outdoors - Mobile 592,Mobile,Sports & Outdoors
CAT0593,Health - Accessories 593,Accessories,
CAT0594,Toys & Games - Wellness 594,Wellness,
CAT0595,Grocery - Bedding 595,Bedding,Grocery
CAT0596,Toys & Games - Pets 596,Pets,
CAT0597,Clothing - Office 597,Office,Clothing
CAT0598,Health - Fitness 598,Fitness,Health
CAT0599,Electronics - Fitness 599,Fitness,Electronics
CAT0600,Health - Fitness 600,Fitness,
CAT0601,Home & Kitchen - Wellness 601,Wellness,Home & Kitchen
CAT0602,Grocery - Outdoor 602,Outdoor,Grocery
CAT0603,Automotive - Fitness 603,Fitness,
CAT0604,Health - Accessories 604,Accessories,
CAT0605,Grocery - Fitness 605,Fitness,
CAT0606,Beauty & Personal Care - Lighting 606,Lighting,Beauty & Personal Care
CAT0607,Automotive - Camera 607,Camera,Automotive
CAT0608,Electronics - Lighting 608,Lighting,Electronics
CAT0609,Toys & Games - Garden 609,Garden,
CAT0610,Health - Footwear 610,Footwear,Health
CAT0611,Home & Kitchen - Kids 611,Kids,Home & Kitchen
CAT0612,Sports & Outdoors - Office 612,Office,Sports & Outdoors
CAT0613,Automotive - Pets 613,Pets,Automotive
CAT0614,Grocery - Accessories 614,Accessories,Grocery
CAT0615,Books - Decor 615,Decor,Books
CAT0616,Home & Kitchen - Fitness 616,Fitness,
CAT0617,Home & Kitchen - Accessories 617,Accessories,Home & Kitchen
CAT0618,Health - Pets 618,Pets,Health
CAT0619,Clothing - Accessories 619,Accessories,Clothing
CAT0620,Grocery - Footwear 620,Footwear,Grocery
CAT0621,Books - Fitness 621,Fitness,Books
CAT0622,Beauty & Personal Care - Audio 622,Audio,
CAT0623,Automotive - Accessories 623,Accessories,
CAT0624,Home & Kitchen - Accessories 624,Accessories,Home & Kitchen
CAT0625,Toys & Games - Audio 625,Audio,Toys & Games
CAT0626,Toys & Games - Garden 626,Garden,Toys & Games
CAT0627,Sports & Outdoors - Accessories 627,Accessories,Sports & Outdoors
CAT0628,Automotive - Camera 628,Camera,Automotive
CAT0629,Health - Garden 629,Garden,Health
CAT0630,Clothing - Camera 630,Camera,Clothing
CAT0631,Grocery - Pets 631,Pets,
CAT0632,Sports & Outdoors - Footwear 632,Footwear,Sports & Outdoors
CAT0633,Beauty & Personal Care - Tools 633,Tools,Beauty & Personal Care
CAT0634,Clothing - Pets 634,Pets,Clothing
CAT0635,Books - Tools 635,Tools,Books
CAT0636,Beauty & Personal Care - Outdoor 636,Outdoor,Beauty & Personal Care
CAT0637,Clothing - Camera 637,Camera,Clothing
CAT0638,Health - Camera 638,Camera,Health
CAT0639,Automotive - Tools 639,Tools,Automotive
CAT0640,Electronics - Pets 640,Pets,
CAT0641,Grocery - Camera 641,Camera,
CAT0642,Grocery - Garden 642,Garden,
CAT0643,Home & Kitchen - Tools 643,Tools,Home & Kitchen
CAT0644,Clothing - Pets 644,Pets,
CAT0645,Beauty & Personal Care - Fitness 645,Fitness,
CAT0646,Home & Kitchen - Pets 646,Pets,
CAT0647,Health - Fitness 647,Fitness,
CAT0648,Electronics - Mobile 648,Mobile,Electronics
CAT0649,Beauty & Personal Care - Garden 649,Garden,
CAT0650,Automotive - Pets 650,Pets,
CAT0651,Automotive - Camera 651,Camera,Automotive
CAT0652,Clothing - Tools 652,Tools,Clothing
CAT0653,Sports & Outdoors - Garden 653,Garden,Sports & Outdoors
CAT0654,Sports & Outdoors - Wellness 654,Wellness,
CAT0655,Health - Wellness 655,Wellness,
CAT0656,Sports & Outdoors - Camera 656,Camera,Sports & Outdoors
CAT0657,Home & Kitchen - Outdoor 657,Outdoor,Home & Kitchen
CAT0658,Beauty & Personal Care - Garden 658,Garden,
CAT0659,Home & Kitchen - Wellness 659,Wellness,Home & Kitchen
CAT0660,Grocery - Audio 660,Audio,Grocery
CAT0661,Home & Kitchen - Outdoor 661,Outdoor,Home & Kitchen
CAT0662,Books - Wellness 662,Wellness,Books
CAT0663,Clothing - Kids 663,Kids,Clothing
CAT0664,Automotive - Camera 664,Camera,Automotive
CAT0665,Clothing - Footwear 665,Footwear,Clothing
CAT0666,Beauty & Personal Care - Fitness 666,Fitness,Beauty & Personal Care
CAT0667,Clothing - Mobile 667,Mobile,Clothing
CAT0668,Toys & Games - Tools 668,Tools,Toys & Games
CAT0669,Books - Lighting 669,Lighting,Books
CAT0670,Beauty & Personal Care - Pets 670,Pets,
CAT0671,Home & Kitchen - Wellness 671,Wellness,Home & Kitchen
CAT0672,Electronics - Mobile 672,Mobile,Electronics
CAT0673,Sports & Outdoors - Wellness 673,Wellness,Sports & Outdoors
CAT0674,Home & Kitchen - Kids 674,Kids,Home & Kitchen
CAT0675,Beauty & Personal Care - Audio 675,Audio,
CAT0676,Automotive - Camera 676,Camera,
CAT0677,Health - Kids 677,Kids,Health
CAT0678,Home & Kitchen - Fitness 678,Fitness,Home & Kitchen
CAT0679,Sports & Outdoors - Lighting 679,Lighting,
CAT0680,Health - Computers 680,Computers,Health
CAT0681,Grocery - Tools 681,Tools,
CAT0682,Toys & Games - Storage 682,Storage,Toys & Games
CAT0683,Automotive - Tools 683,Tools,Automotive
CAT0684,Health - Kids 684,Kids,Health
CAT0685,Beauty & Personal Care - Office 685,Office,Beauty & Personal Care
CAT0686,Automotive - Camera 686,Camera,
CAT0687,Toys & Games - Decor 687,Decor,Toys & Games
CAT0688,Toys & Games - Decor 688,Decor,Toys & Games
CAT0689,Beauty & Personal Care - Mobile 689,Mobile,Beauty & Personal Care
CAT0690,Health - Pets 690,Pets,Health
CAT0691,Sports & Outdoors - Accessories 691,Accessories,
CAT0692,Sports & Outdoors - Accessories 692,Accessories,
CAT0693,Beauty & Personal Care - Fitness 693,Fitness,Beauty & Personal Care
CAT0694,Sports & Outdoors - Lighting 694,Lighting,Sports & Outdoors
CAT0695,Grocery - Camera 695,Camera,
CAT0696,Beauty & Personal Care - Garden 696,Garden,Beauty & Personal Care
CAT0697,Books - Pets 697,Pets,Books
CAT0698,Beauty & Personal Care - Kids 698,Kids,Beauty & Personal Care
CAT0699,Beauty & Personal Care - Decor 699,Decor,Beauty & Personal Care
CAT0700,Books - Storage 700,Storage,
CAT0701,Automotive - Lighting 701,Lighting,Automotive
CAT0702,Books - Accessories 702,Accessories,Books
CAT0703,Home & Kitchen - Pets 703,Pets,Home & Kitchen
CAT0704,Toys & Games - Bedding 704,Bedding,
CAT0705,Beauty & Personal Care - Kids 705,Kids,Beauty & Personal Care
CAT0706,Books - Wellness 706,Wellness,
CAT0707,Home & Kitchen - Tools 707,Tools,Home & Kitchen
CAT0708,Health - Garden 708,Garden,Health
CAT0709,Toys & Games - Camera 709,Camera,
CAT0710,Automotive - Footwear 710,Footwear,Automotive
CAT0711,Beauty & Personal Care - Outdoor 711,Outdoor,Beauty & Personal Care
CAT0712,Sports & Outdoors - Lighting 712,Lighting,Sports & Outdoors
CAT0713,Books - Audio 713,Audio,
CAT0714,Grocery - Camera 714,Camera,Grocery
CAT0715,Health - Outdoor 715,Outdoor,
CAT0716,Health - Kids 716,Kids,Health
CAT0717,Electronics - Bedding 717,Bedding,Electronics
CAT0718,Clothing - Bedding 718,Bedding,Clothing
CAT0719,Beauty & Personal Care - Fitness 719,Fitness,
CAT0720,Home & Kitchen - Computers 720,Computers,
CAT0721,Books - Storage 721,Storage,Books
CAT0722,Health - Office 722,Office,
CAT0723,Automotive - Tools 723,Tools,Automotive
CAT0724,Electronics - Storage 724,Storage,Electronics
CAT0725,Clothing - Audio 725,Audio,
CAT0726,Books - Kids 726,Kids,Books
CAT0727,Books - Decor 727,Decor,Books
CAT0728,Sports & Outdoors - Camera 728,Camera,Sports & Outdoors
CAT0729,Health - Bedding 729,Bedding,Health
CAT0730,Electronics - Pets 730,Pets,Electronics
CAT0731,Automotive - Outdoor 731,Outdoor,
CAT0732,Grocery - Wellness 732,Wellness,
CAT0733,Clothing - Office 733,Office,Clothing
CAT0734,Grocery - Office 734,Office,Grocery
CAT0735,Health - Accessories 735,Accessories,Health
CAT0736,Books - Wellness 736,Wellness,Books
CAT0737,Electronics - Garden 737,Garden,
CAT0738,Clothing - Footwear 738,Footwear,Clothing
CAT0739,Sports & Outdoors - Audio 739,Audio,Sports & Outdoors
CAT0740,Automotive - Tools 740,Tools,Automotive
CAT0741,Sports & Outdoors - Pets 741,Pets,
CAT0742,Home & Kitchen - Wellness 742,Wellness,Home & Kitchen
CAT0743,Home & Kitchen - Outdoor 743,Outdoor,Home & Kitchen
CAT0744,Beauty & Personal Care - Footwear 744,Footwear,Beauty & Personal Care
CAT0745,Books - Decor 745,Decor,
CAT0746,Books - Audio 746,Audio,Books
CAT0747,Automotive - Office 747,Office,
CAT0748,Clothing - Accessories 748,Accessories,Clothing
CAT0749,Electronics - Storage 749,Storage,
CAT0750,Automotive - Bedding 750,Bedding,
CAT0751,Books - Mobile 751,Mobile,
CAT0752,Home & Kitchen - Computers 752,Computers,Home & Kitchen
CAT0753,Health - Office 753,Office,Health
CAT0754,Automotive - Lighting 754,Lighting,Automotive
CAT0755,Beauty & Personal Care - Tools 755,Tools,Beauty & Personal Care
CAT0756,Health - Decor 756,Decor,Health
CAT0757,Books - Outdoor 757,Outdoor,
CAT0758,Books - Mobile 758,Mobile,Books
CAT0759,Clothing - Computers 759,Computers,
CAT0760,Health - Pets 760,Pets,
CAT0761,Automotive - Garden 761,Garden,
CAT0762,Home & Kitchen - Kids 762,Kids,Home & Kitchen
CAT0763,Sports & Outdoors - Pets 763,Pets,Sports & Outdoors
CAT0764,Grocery - Lighting 764,Lighting,
CAT0765,Health - Garden 765,Garden,
CAT0766,Home & Kitchen - Wellness 766,Wellness,Home & Kitchen
CAT0767,Clothing - Storage 767,Storage,Clothing
CAT0768,Clothing - Mobile 768,Mobile,Clothing
CAT0769,Beauty & Personal Care - Outdoor 769,Outdoor,Beauty & Personal Care
CAT0770,Clothing - Accessories 770,Accessories,
CAT0771,Clothing - Garden 771,Garden,
CAT0772,Books - Footwear 772,Footwear,Books
CAT0773,Automotive - Decor 773,Decor,Automotive
CAT0774,Clothing - Audio 774,Audio,Clothing
CAT0775,Clothing - Tools 775,Tools,Clothing
CAT0776,Clothing - Audio 776,Audio,Clothing
CAT0777,Automotive - Lighting 777,Lighting,Automotive
CAT0778,Sports & Outdoors - Decor 778,Decor,Sports & Outdoors
CAT0779,Grocery - Computers 779,Computers,Grocery
CAT0780,Home & Kitchen - Audio 780,Audio,Home & Kitchen
CAT0781,Clothing - Tools 781,Tools,
CAT0782,Grocery - Garden 782,Garden,
CAT0783,Beauty & Personal Care - Pets 783,Pets,Beauty & Personal Care
CAT0784,Clothing - Accessories 784,Accessories,Clothing
CAT0785,Toys & Games - Kids 785,Kids,Toys & Games
CAT0786,Health - Audio 786,Audio,
CAT0787,Automotive - Fitness 787,Fitness,Automotive
CAT0788,Home & Kitchen - Storage 788,Storage,
CAT0789,Automotive - Office 789,Office,
CAT0790,Beauty & Personal Care - Office 790,Office,
CAT0791,Automotive - Outdoor 791,Outdoor,Automotive
CAT0792,Beauty & Personal Care - Storage 792,Storage,Beauty & Personal Care
CAT0793,Sports & Outdoors - Accessories 793,Accessories,Sports & Outdoors
CAT0794,Automotive - Pets 794,Pets,Automotive
CAT0795,Home & Kitchen - Office 795,Office,Home & Kitchen
CAT0796,Clothing - Tools 796,Tools,Clothing
CAT0797,Clothing - Camera 797,Camera,Clothing
CAT0798,Automotive - Camera 798,Camera,
CAT0799,Beauty & Personal Care - Office 799,Office,Beauty & Personal Care
CAT0800,Electronics - Wellness 800,Wellness,Electronics
CAT0801,Grocery - Pets 801,Pets,
CAT0802,Home & Kitchen - Camera 802,Camera,Home & Kitchen
CAT0803,Home & Kitchen - Garden 803,Garden,Home & Kitchen
CAT0804,Toys & Games - Lighting 804,Lighting,
CAT0805,Clothing - Decor 805,Decor,
CAT0806,Electronics - Garden 806,Garden,Electronics
CAT0807,Electronics - Computers 807,Computers,Electronics
CAT0808,Grocery - Bedding 808,Bedding,Grocery
CAT0809,Electronics - Office 809,Office,
CAT0810,Grocery - Decor 810,Decor,
CAT0811,Sports & Outdoors - Wellness 811,Wellness,Sports & Outdoors
CAT0812,Electronics - Accessories 812,Accessories,
CAT0813,Beauty & Personal Care - Footwear 813,Footwear,Beauty & Personal Care
CAT0814,Beauty & Personal Care - Camera 814,Camera,
CAT0815,Electronics - Camera 815,Camera,Electronics
CAT0816,Automotive - Kids 816,Kids,Automotive
CAT0817,Books - Storage 817,Storage,Books
CAT0818,Home & Kitchen - Office 818,Office,
CAT0819,Electronics - Computers 819,Computers,Electronics
CAT0820,Beauty & Personal Care - Accessories 820,Accessories,Beauty & Personal Care
CAT0821,Grocery - Audio 821,Audio,
CAT0822,Beauty & Personal Care - Garden 822,Garden,Beauty & Personal Care
CAT0823,Home & Kitchen - Wellness 823,Wellness,Home & Kitchen
CAT0824,Home & Kitchen - Pets 824,Pets,Home & Kitchen
CAT0825,Beauty & Personal Care - Outdoor 825,Outdoor,Beauty & Personal Care
CAT0826,Grocery - Kids 826,Kids,Grocery
CAT0827,Toys & Games - Footwear 827,Footwear,Toys & Games
CAT0828,Beauty & Personal Care - Storage 828,Storage,Beauty & Personal Care
CAT0829,Toys & Games - Pets 829,Pets,Toys & Games
CAT0830,Sports & Outdoors - Accessories 830,Accessories,Sports & Outdoors
CAT0831,Toys & Games - Audio 831,Audio,
CAT0832,Toys & Games - Lighting 832,Lighting,
CAT0833,Sports & Outdoors - Footwear 833,Footwear,
CAT0834,Health - Fitness 834,Fitness,
CAT0835,Automotive - Outdoor 835,Outdoor,Automotive
CAT0836,Toys & Games - Footwear 836,Footwear,Toys & Games
CAT0837,Home & Kitchen - Garden 837,Garden,Home & Kitchen
CAT0838,Home & Kitchen - Lighting 838,Lighting,
CAT0839,Automotive - Accessories 839,Accessories,
CAT0840,Health - Bedding 840,Bedding,Health
CAT0841,Books - Mobile 841,Mobile,
CAT0842,Clothing - Mobile 842,Mobile,Clothing
CAT0843,Grocery - Audio 843,Audio,Grocery
CAT0844,Automotive - Wellness 844,Wellness,Automotive
CAT0845,Grocery - Office 845,Office,Grocery
CAT0846,Toys & Games - Fitness 846,Fitness,Toys & Games
CAT0847,Grocery - Bedding 847,Bedding,Grocery
CAT0848,Sports & Outdoors - Mobile 848,Mobile,Sports & Outdoors
CAT0849,Automotive - Kids 849,Kids,
CAT0850,Health - Audio 850,Audio,Health
CAT0851,Home & Kitchen - Tools 851,Tools,
CAT0852,Sports & Outdoors - Garden 852,Garden,Sports & Outdoors
CAT0853,Automotive - Tools 853,Tools,Automotive
CAT0854,Health - Accessories 854,Accessories,
CAT0855,Electronics - Office 855,Office,Electronics
CAT0856,Beauty & Personal Care - Tools 856,Tools,Beauty & Personal Care
CAT0857,Automotive - Camera 857,Camera,Automotive
CAT0858,Beauty & Personal Care - Camera 858,Camera,Beauty & Personal Care
CAT0859,Health - Fitness 859,Fitness,Health
CAT0860,Grocery - Office 860,Office,Grocery
CAT0861,Clothing - Accessories 861,Accessories,
CAT0862,Books - Computers 862,Computers,Books
CAT0863,Books - Wellness 863,Wellness,
CAT0864,Beauty & Personal Care - Accessories 864,Accessories,
CAT0865,Sports & Outdoors - Office 865,Office,Sports & Outdoors
CAT0866,Clothing - Kids 866,Kids,Clothing
CAT0867,Electronics - Fitness 867,Fitness,Electronics
CAT0868,Home & Kitchen - Computers 868,Computers,Home & Kitchen
CAT0869,Books - Camera 869,Camera,Books
CAT0870,Sports & Outdoors - Fitness 870,Fitness,Sports & Outdoors
CAT0871,Health - Mobile 871,Mobile,Health
CAT0872,Grocery - Audio 872,Audio,
CAT0873,Grocery - Bedding 873,Bedding,
CAT0874,Beauty & Personal Care - Computers 874,Computers,Beauty & Personal Care
CAT0875,Grocery - Office 875,Office,Grocery
CAT0876,Beauty & Personal Care - Storage 876,Storage,
CAT0877,Clothing - Footwear 877,Footwear,
CAT0878,Grocery - Lighting 878,Lighting,Grocery
CAT0879,Sports & Outdoors - Tools 879,Tools,Sports & Outdoors
CAT0880,Clothing - Office 880,Office,
CAT0881,Books - Storage 881,Storage,Books
CAT0882,Clothing - Computers 882,Computers,Clothing
CAT0883,Electronics - Tools 883,Tools,Electronics
CAT0884,Books - Computers 884,Computers,Books
CAT0885,Home & Kitchen - Wellness 885,Wellness,Home & Kitchen
CAT0886,Beauty & Personal Care - Camera 886,Camera,Beauty & Personal Care
CAT0887,Automotive - Storage 887,Storage,Automotive
CAT0888,Sports & Outdoors - Tools 888,Tools,Sports & Outdoors
CAT0889,Grocery - Garden 889,Garden,Grocery
CAT0890,Sports & Outdoors - Office 890,Office,
CAT0891,Toys & Games - Accessories 891,Accessories,Toys & Games
CAT0892,Automotive - Accessories 892,Accessories,
CAT0893,Health - Mobile 893,Mobile,Health
CAT0894,Health - Tools 894,Tools,
CAT0895,Health - Kids 895,Kids,
CAT0896,Grocery - Accessories 896,Accessories,Grocery
CAT0897,Books - Decor 897,Decor,Books
CAT0898,Home & Kitchen - Accessories 898,Accessories,Home & Kitchen
CAT0899,Health - Garden 899,Garden,
CAT0900,Toys & Games - Mobile 900,Mobile,Toys & Games
CAT0901,Health - Mobile 901,Mobile,Health
CAT0902,Home & Kitchen - Audio 902,Audio,Home & Kitchen
CAT0903,Beauty & Personal Care - Wellness 903,Wellness,Beauty & Personal Care
CAT0904,Grocery - Bedding 904,Bedding,Grocery
CAT0905,Sports & Outdoors - Office 905,Office,Sports & Outdoors
CAT0906,Health - Tools 906,Tools,Health
CAT0907,Books - Pets 907,Pets,Books
CAT0908,Clothing - Fitness 908,Fitness,
CAT0909,Toys & Games - Garden 909,Garden,Toys & Games
CAT0910,Automotive - Outdoor 910,Outdoor,Automotive
CAT0911,Electronics - Garden 911,Garden,Electronics
CAT0912,Home & Kitchen - Audio 912,Audio,Home & Kitchen
CAT0913,Toys & Games - Computers 913,Computers,Toys & Games
CAT0914,Health - Computers 914,Computers,Health
CAT0915,Home & Kitchen - Footwear 915,Footwear,Home & Kitchen
CAT0916,Books - Camera 916,Camera,
CAT0917,Sports & Outdoors - Office 917,Office,Sports & Outdoors
CAT0918,Health - Tools 918,Tools,
CAT0919,Automotive - Tools 919,Tools,Automotive
CAT0920,Clothing - Garden 920,Garden,Clothing
CAT0921,Health - Kids 921,Kids,Health
CAT0922,Toys & Games - Lighting 922,Lighting,Toys & Games
CAT0923,Grocery - Office 923,Office,Grocery
CAT0924,Toys & Games - Computers 924,Computers,
CAT0925,Clothing - Office 925,Office,Clothing
CAT0926,Sports & Outdoors - Outdoor 926,Outdoor,Sports & Outdoors
CAT0927,Clothing - Outdoor 927,Outdoor,
CAT0928,Clothing - Wellness 928,Wellness,Clothing
CAT0929,Clothing - Tools 929,Tools,
CAT0930,Books - Fitness 930,Fitness,Books
CAT0931,Health - Footwear 931,Footwear,Health
CAT0932,Beauty & Personal Care - Bedding 932,Bedding,Beauty & Personal Care
CAT0933,Books - Camera 933,Camera,Books
CAT0934,Health - Mobile 934,Mobile,Health
CAT0935,Automotive - Lighting 935,Lighting,Automotive
CAT0936,Beauty & Personal Care - Camera 936,Camera,Beauty & Personal Care
CAT0937,Home & Kitchen - Kids 937,Kids,Home & Kitchen
CAT0938,Automotive - Lighting 938,Lighting,Automotive
CAT0939,Clothing - Computers 939,Computers,Clothing
CAT0940,Grocery - Storage 940,Storage,
CAT0941,Books - Decor 941,Decor,
CAT0942,Grocery - Office 942,Office,Grocery
CAT0943,Health - Fitness 943,Fitness,Health
CAT0944,Electronics - Garden 944,Garden,Electronics
CAT0945,Toys & Games - Footwear 945,Footwear,Toys & Games
CAT0946,Toys & Games - Lighting 946,Lighting,Toys & Games
CAT0947,Home & Kitchen - Storage 947,Storage,
CAT0948,Toys & Games - Pets 948,Pets,Toys & Games
CAT0949,Toys & Games - Camera 949,Camera,Toys & Games
CAT0950,Toys & Games - Accessories 950,Accessories,Toys & Games
CAT0951,Beauty & Personal Care - Storage 951,Storage,
CAT0952,Automotive - Pets 952,Pets,Automotive
CAT0953,Grocery - Camera 953,Camera,Grocery
CAT0954,Sports & Outdoors - Computers 954,Computers,Sports & Outdoors
CAT0955,Toys & Games - Tools 955,Tools,
CAT0956,Home & Kitchen - Footwear 956,Footwear,
CAT0957,Books - Footwear 957,Footwear,
CAT0958,Sports & Outdoors - Office 958,Office,
CAT0959,Automotive - Mobile 959,Mobile,Automotive
CAT0960,Books - Camera 960,Camera,Books
CAT0961,Health - Wellness 961,Wellness,
CAT0962,Automotive - Mobile 962,Mobile,Automotive
CAT0963,Automotive - Wellness 963,Wellness,
CAT0964,Health - Kids 964,Kids,Health
CAT0965,Beauty & Personal Care - Camera 965,Camera,Beauty & Personal Care
CAT0966,Sports & Outdoors - Pets 966,Pets,Sports & Outdoors
CAT0967,Home & Kitchen - Lighting 967,Lighting,Home & Kitchen
CAT0968,Books - Computers 968,Computers,
CAT0969,Books - Accessories 969,Accessories,Books
CAT0970,Clothing - Wellness 970,Wellness,Clothing
CAT0971,Sports & Outdoors - Accessories 971,Accessories,Sports & Outdoors
CAT0972,Toys & Games - Wellness 972,Wellness,Toys & Games
CAT0973,Toys & Games - Wellness 973,Wellness,Toys & Games
CAT0974,Grocery - Camera 974,Camera,Grocery
CAT0975,Sports & Outdoors - Garden 975,Garden,Sports & Outdoors
CAT0976,Electronics - Fitness 976,Fitness,Electronics
CAT0977,Home & Kitchen - Storage 977,Storage,Home & Kitchen
CAT0978,Health - Storage 978,Storage,Health
CAT0979,Sports & Outdoors - Garden 979,Garden,
CAT0980,Electronics - Decor 980,Decor,
CAT0981,Clothing - Computers 981,Computers,Clothing
CAT0982,Sports & Outdoors - Pets 982,Pets,Sports & Outdoors
CAT0983,Health - Office 983,Office,Health
CAT0984,Home & Kitchen - Tools 984,Tools,
CAT0985,Electronics - Kids 985,Kids,Electronics
CAT0986,Health - Lighting 986,Lighting,Health
CAT0987,Home & Kitchen - Tools 987,Tools,Home & Kitchen
CAT0988,Health - Wellness 988,Wellness,Health
CAT0989,Clothing - Outdoor 989,Outdoor,Clothing
CAT0990,Beauty & Personal Care - Lighting 990,Lighting,Beauty & Personal Care
CAT0991,Health - Audio 991,Audio,
CAT0992,Clothing - Decor 992,Decor,Clothing
CAT0993,Toys & Games - Camera 993,Camera,Toys & Games
CAT0994,Books - Fitness 994,Fitness,Books
CAT0995,Grocery - Lighting 995,Lighting,
CAT0996,Home & Kitchen - Accessories 996,Accessories,Home & Kitchen
CAT0997,Grocery - Office 997,Office,Grocery
CAT0998,Beauty & Personal Care - Storage 998,Storage,Beauty & Personal Care
CAT0999,Home & Kitchen - Wellness 999,Wellness,
CAT1000,Automotive - Lighting 1000,Lighting,